Workbook

Sheet Legend
A1: Five Classifiers with PCA on CIC-IDS2017
A2: 45 runs: 3 test sizes x 3 component counts x 5 classifiers
A4: Column headers
A5: Short form | B5: Full form | C5: Meaning
A6: Test | B6: Test size | C6: Fraction of flows held back for testing, the test_size in train_test_split
A7: DR | B7: Dimensionality Reduction | C7: The reduction method and how many components it keeps
A8: Clas | B8: Classifier | C8: Which algorithm was trained
A9: Acc | B9: Accuracy | C9: Share of test flows given the correct label
A10: Pre | B10: Precision (weighted) | C10: Of the flows called an attack, how many really were
A11: Rec | B11: Recall (weighted) | C11: Of the real attacks, how many were caught
A12: F1 | B12: F1 score (weighted) | C12: Harmonic mean of precision and recall
A13: script | B13: Run script | C13: The file that produced the row
A15: Classifiers
A16: Short form | B16: Full form | C16: Reference sheet entry
A17: GB | B17: Gradient Boosting | C17: Sheet entry 8
A18: MLP | B18: Multilayer Perceptron | C18: Sheet entry 18
A19: RF | B19: Random Forest | C19: Sheet entry 7
A20: QDA | B20: Quadratic Discriminant Analysis | C20: Sheet entry 17
A21: RIDGE | B21: Ridge Regression | C21: Sheet entry 3
A23: Test size
A24: Value | B24: Train / test split | C24: Meaning
A25: 0.2 | B25: 80 / 20 | C25: 80% of flows train the model, 20% test it
A26: 0.4 | B26: 60 / 40 | C26: 60% train, 40% test. The split the base code uses
A27: 0.6 | B27: 40 / 60 | C27: 40% train, 60% test. Least training data, so scores usually fall
A29: Dimensionality reduction
A30: Short form | B30: Full form | C30: Meaning
A31: PCA5 | B31: PCA, 5 components | C31: 78 features projected down to 5 axes along the directions of greatest variance
A32: PCA10 | B32: PCA, 10 components | C32: 78 features projected down to 10 axes along the directions of greatest variance
A33: PCA15 | B33: PCA, 15 components | C33: 78 features projected down to 15 axes along the directions of greatest variance
A35: PCA is Principal Component Analysis. It is unsupervised, so it never sees the labels and has no ceiling tied to the number of classes.
A36: Precision, recall and F1 are weighted averages, as in the base code. Benign traffic dominates the flows, so a model can score well here while missing the rare attacks. The confusion matrix images show where that happens.
A37: Every run uses the same 100,000 flow stratified sample and random_state=0.
A38: Gradient Boosting gets random_state=0, which the sheet leaves unset, so a rerun of any script gives the same numbers.
A39: Ridge Regression (sheet entry 3) is a regression model. Its numeric prediction is rounded to the nearest class code before scoring.
A40: QDA uses solver='eigen' with shrinkage=0.1: Heartbleed has fewer training flows than components at most settings, so its covariance cannot be estimated without it.

Sheet 45 runs
A1: Test size | B1: Train / test split | C1: Dimensionality reduction | D1: Classifier | E1: Accuracy | F1: Precision (weighted) | G1: Recall (weighted) | H1: F1 score (weighted)
A2: 0.2 | B2: 80 / 20 | C2: PCA, 5 components | D2: Gradient Boosting | E2: 0.9572 | F2: 0.9656 | G2: 0.9572 | H2: 0.9597
A3: 0.4 | B3: 60 / 40 | C3: PCA, 5 components | D3: Gradient Boosting | E3: 0.9658 | F3: 0.9649 | G3: 0.9658 | H3: 0.9647
A4: 0.6 | B4: 40 / 60 | C4: PCA, 5 components | D4: Gradient Boosting | E4: 0.9596 | F4: 0.9668 | G4: 0.9596 | H4: 0.9626
A5: 0.2 | B5: 80 / 20 | C5: PCA, 10 components | D5: Gradient Boosting | E5: 0.9763 | F5: 0.9758 | G5: 0.9763 | H5: 0.9757
A6: 0.4 | B6: 60 / 40 | C6: PCA, 10 components | D6: Gradient Boosting | E6: 0.9729 | F6: 0.9732 | G6: 0.9729 | H6: 0.9729
A7: 0.6 | B7: 40 / 60 | C7: PCA, 10 components | D7: Gradient Boosting | E7: 0.5886 | F7: 0.8703 | G7: 0.5886 | H7: 0.699
A8: 0.2 | B8: 80 / 20 | C8: PCA, 15 components | D8: Gradient Boosting | E8: 0.9784 | F8: 0.9784 | G8: 0.9784 | H8: 0.978
A9: 0.4 | B9: 60 / 40 | C9: PCA, 15 components | D9: Gradient Boosting | E9: 0.9357 | F9: 0.9755 | G9: 0.9357 | H9: 0.955
A10: 0.6 | B10: 40 / 60 | C10: PCA, 15 components | D10: Gradient Boosting | E10: 0.9773 | F10: 0.9772 | G10: 0.9773 | H10: 0.9771
A11: 0.2 | B11: 80 / 20 | C11: PCA, 5 components | D11: Multilayer Perceptron | E11: 0.797 | F11: 0.7962 | G11: 0.797 | H11: 0.7081
A12: 0.4 | B12: 60 / 40 | C12: PCA, 5 components | D12: Multilayer Perceptron | E12: 0.7947 | F12: 0.7225 | G12: 0.7947 | H12: 0.7052
A13: 0.6 | B13: 40 / 60 | C13: PCA, 5 components | D13: Multilayer Perceptron | E13: 0.3986 | F13: 0.8243 | G13: 0.3986 | H13: 0.411
... A46: 0.6 | B46: 40 / 60 | C46: PCA, 15 components | D46: Ridge Regression | E46: 0.8656 | F46: 0.8794 | G46: 0.8656 | H46: 0.8617

Sheet full detail
A1: Test size | B1: Train / test split | C1: Dimensionality reduction | D1: Classifier | E1: Accuracy | F1: Precision (weighted) | G1: Recall (weighted) | H1: F1 score (weighted) | I1: Run script | J1: key
A2: 0.2 | B2: 80 / 20 | C2: PCA, 5 components | D2: Gradient Boosting | E2: 0.9572 | F2: 0.9656 | G2: 0.9572 | H2: 0.9597 | I2: Test_0.2_DR_PCA5_GB | J2: =D2&"|"&TEXT(H2,"0.0000")
A3: 0.4 | B3: 60 / 40 | C3: PCA, 5 components | D3: Gradient Boosting | E3: 0.9658 | F3: 0.9649 | G3: 0.9658 | H3: 0.9647 | I3: Test_0.4_DR_PCA5_GB | J3: =D3&"|"&TEXT(H3,"0.0000")
A4: 0.6 | B4: 40 / 60 | C4: PCA, 5 components | D4: Gradient Boosting | E4: 0.9596 | F4: 0.9668 | G4: 0.9596 | H4: 0.9626 | I4: Test_0.6_DR_PCA5_GB | J4: =D4&"|"&TEXT(H4,"0.0000")
A5: 0.2 | B5: 80 / 20 | C5: PCA, 10 components | D5: Gradient Boosting | E5: 0.9763 | F5: 0.9758 | G5: 0.9763 | H5: 0.9757 | I5: Test_0.2_DR_PCA10_GB | J5: =D5&"|"&TEXT(H5,"0.0000")
A6: 0.4 | B6: 60 / 40 | C6: PCA, 10 components | D6: Gradient Boosting | E6: 0.9729 | F6: 0.9732 | G6: 0.9729 | H6: 0.9729 | I6: Test_0.4_DR_PCA10_GB | J6: =D6&"|"&TEXT(H6,"0.0000")
A7: 0.6 | B7: 40 / 60 | C7: PCA, 10 components | D7: Gradient Boosting | E7: 0.5886 | F7: 0.8703 | G7: 0.5886 | H7: 0.699 | I7: Test_0.6_DR_PCA10_GB | J7: =D7&"|"&TEXT(H7,"0.0000")
A8: 0.2 | B8: 80 / 20 | C8: PCA, 15 components | D8: Gradient Boosting | E8: 0.9784 | F8: 0.9784 | G8: 0.9784 | H8: 0.978 | I8: Test_0.2_DR_PCA15_GB | J8: =D8&"|"&TEXT(H8,"0.0000")
A9: 0.4 | B9: 60 / 40 | C9: PCA, 15 components | D9: Gradient Boosting | E9: 0.9357 | F9: 0.9755 | G9: 0.9357 | H9: 0.955 | I9: Test_0.4_DR_PCA15_GB | J9: =D9&"|"&TEXT(H9,"0.0000")
A10: 0.6 | B10: 40 / 60 | C10: PCA, 15 components | D10: Gradient Boosting | E10: 0.9773 | F10: 0.9772 | G10: 0.9773 | H10: 0.9771 | I10: Test_0.6_DR_PCA15_GB | J10: =D10&"|"&TEXT(H10,"0.0000")
A11: 0.2 | B11: 80 / 20 | C11: PCA, 5 components | D11: Multilayer Perceptron | E11: 0.797 | F11: 0.7962 | G11: 0.797 | H11: 0.7081 | I11: Test_0.2_DR_PCA5_MLP | J11: =D11&"|"&TEXT(H11,"0.0000")
A12: 0.4 | B12: 60 / 40 | C12: PCA, 5 components | D12: Multilayer Perceptron | E12: 0.7947 | F12: 0.7225 | G12: 0.7947 | H12: 0.7052 | I12: Test_0.4_DR_PCA5_MLP | J12: =D12&"|"&TEXT(H12,"0.0000")
A13: 0.6 | B13: 40 / 60 | C13: PCA, 5 components | D13: Multilayer Perceptron | E13: 0.3986 | F13: 0.8243 | G13: 0.3986 | H13: 0.411 | I13: Test_0.6_DR_PCA5_MLP | J13: =D13&"|"&TEXT(H13,"0.0000")
... A46: 0.6 | B46: 40 / 60 | C46: PCA, 15 components | D46: Ridge Regression | E46: 0.8656 | F46: 0.8794 | G46: 0.8656 | H46: 0.8617 | I46: Test_0.6_DR_PCA15_RIDGE | J46: =D46&"|"&TEXT(H46,"0.0000")

Sheet best per classifier
A1: Highest weighted F1 score for each classifier
A3: Short form | B3: Classifier | C3: Test size | D3: Dimensionality reduction | E3: Accuracy | F3: F1 score (weighted)
A4: GB | B4: Gradient Boosting | C4: =INDEX('full detail'!$A$2:$A$46,MATCH($B4&"|"&TEXT($F4,"0.0000"),'full detail'!$J$2:$J$46,0)) | D4: =INDEX('full detail'!$C$2:$C$46,MATCH($B4&"|"&TEXT($F4,"0.0000"),'full detail'!$J$2:$J$46,0)) | E4: =INDEX('full detail'!$E$2:$E$46,MATCH($B4&"|"&TEXT($F4,"0.0000"),'full detail'!$J$2:$J$46,0)) | F4: =_xlfn.MAXIFS('full detail'!$H$2:$H$46,'full detail'!$D$2:$D$46,$B4)
A5: MLP | B5: Multilayer Perceptron | C5: =INDEX('full detail'!$A$2:$A$46,MATCH($B5&"|"&TEXT($F5,"0.0000"),'full detail'!$J$2:$J$46,0)) | D5: =INDEX('full detail'!$C$2:$C$46,MATCH($B5&"|"&TEXT($F5,"0.0000"),'full detail'!$J$2:$J$46,0)) | E5: =INDEX('full detail'!$E$2:$E$46,MATCH($B5&"|"&TEXT($F5,"0.0000"),'full detail'!$J$2:$J$46,0)) | F5: =_xlfn.MAXIFS('full detail'!$H$2:$H$46,'full detail'!$D$2:$D$46,$B5)
A6: RF | B6: Random Forest | C6: =INDEX('full detail'!$A$2:$A$46,MATCH($B6&"|"&TEXT($F6,"0.0000"),'full detail'!$J$2:$J$46,0)) | D6: =INDEX('full detail'!$C$2:$C$46,MATCH($B6&"|"&TEXT($F6,"0.0000"),'full detail'!$J$2:$J$46,0)) | E6: =INDEX('full detail'!$E$2:$E$46,MATCH($B6&"|"&TEXT($F6,"0.0000"),'full detail'!$J$2:$J$46,0)) | F6: =_xlfn.MAXIFS('full detail'!$H$2:$H$46,'full detail'!$D$2:$D$46,$B6)
A7: QDA | B7: Quadratic Discriminant Analysis | C7: =INDEX('full detail'!$A$2:$A$46,MATCH($B7&"|"&TEXT($F7,"0.0000"),'full detail'!$J$2:$J$46,0)) | D7: =INDEX('full detail'!$C$2:$C$46,MATCH($B7&"|"&TEXT($F7,"0.0000"),'full detail'!$J$2:$J$46,0)) | E7: =INDEX('full detail'!$E$2:$E$46,MATCH($B7&"|"&TEXT($F7,"0.0000"),'full detail'!$J$2:$J$46,0)) | F7: =_xlfn.MAXIFS('full detail'!$H$2:$H$46,'full detail'!$D$2:$D$46,$B7)
A8: RIDGE | B8: Ridge Regression | C8: =INDEX('full detail'!$A$2:$A$46,MATCH($B8&"|"&TEXT($F8,"0.0000"),'full detail'!$J$2:$J$46,0)) | D8: =INDEX('full detail'!$C$2:$C$46,MATCH($B8&"|"&TEXT($F8,"0.0000"),'full detail'!$J$2:$J$46,0)) | E8: =INDEX('full detail'!$E$2:$E$46,MATCH($B8&"|"&TEXT($F8,"0.0000"),'full detail'!$J$2:$J$46,0)) | F8: =_xlfn.MAXIFS('full detail'!$H$2:$H$46,'full detail'!$D$2:$D$46,$B8)

Sheet components x classifier
A1: Weighted F1 score averaged over the three test sizes
A3: Classifier | B3: PCA, 5 components | C3: PCA, 10 components | D3: PCA, 15 components
A4: Gradient Boosting | B4: =AVERAGEIFS('full detail'!$H$2:$H$46,'full detail'!$D$2:$D$46,$A4,'full detail'!$C$2:$C$46,B$3) | C4: =AVERAGEIFS('full detail'!$H$2:$H$46,'full detail'!$D$2:$D$46,$A4,'full detail'!$C$2:$C$46,C$3) | D4: =AVERAGEIFS('full detail'!$H$2:$H$46,'full detail'!$D$2:$D$46,$A4,'full detail'!$C$2:$C$46,D$3)
A5: Multilayer Perceptron | B5: =AVERAGEIFS('full detail'!$H$2:$H$46,'full detail'!$D$2:$D$46,$A5,'full detail'!$C$2:$C$46,B$3) | C5: =AVERAGEIFS('full detail'!$H$2:$H$46,'full detail'!$D$2:$D$46,$A5,'full detail'!$C$2:$C$46,C$3) | D5: =AVERAGEIFS('full detail'!$H$2:$H$46,'full detail'!$D$2:$D$46,$A5,'full detail'!$C$2:$C$46,D$3)
A6: Random Forest | B6: =AVERAGEIFS('full detail'!$H$2:$H$46,'full detail'!$D$2:$D$46,$A6,'full detail'!$C$2:$C$46,B$3) | C6: =AVERAGEIFS('full detail'!$H$2:$H$46,'full detail'!$D$2:$D$46,$A6,'full detail'!$C$2:$C$46,C$3) | D6: =AVERAGEIFS('full detail'!$H$2:$H$46,'full detail'!$D$2:$D$46,$A6,'full detail'!$C$2:$C$46,D$3)
A7: Quadratic Discriminant Analysis | B7: =AVERAGEIFS('full detail'!$H$2:$H$46,'full detail'!$D$2:$D$46,$A7,'full detail'!$C$2:$C$46,B$3) | C7: =AVERAGEIFS('full detail'!$H$2:$H$46,'full detail'!$D$2:$D$46,$A7,'full detail'!$C$2:$C$46,C$3) | D7: =AVERAGEIFS('full detail'!$H$2:$H$46,'full detail'!$D$2:$D$46,$A7,'full detail'!$C$2:$C$46,D$3)
A8: Ridge Regression | B8: =AVERAGEIFS('full detail'!$H$2:$H$46,'full detail'!$D$2:$D$46,$A8,'full detail'!$C$2:$C$46,B$3) | C8: =AVERAGEIFS('full detail'!$H$2:$H$46,'full detail'!$D$2:$D$46,$A8,'full detail'!$C$2:$C$46,C$3) | D8: =AVERAGEIFS('full detail'!$H$2:$H$46,'full detail'!$D$2:$D$46,$A8,'full detail'!$C$2:$C$46,D$3)
